line_count,en,lt,translated_text
1,Meeting in Vilnius,Sutikimas Vilniuje,Sukimas vilniuje
2,That is the address,Štai adresas,<unk> <unk> <unk> <unk>
3,Where does Sigita live?,Kur gyvena Sigita?,kur givena sigita?
4,I am looking for Miss Sigita,Aš ieškau Sigitos,<unk> <unk> <unk> <unk> <unk>
5,Just a moment,Minutėlę,Virtuves
6,Who are you please?,"Atsiprašau, o kas Jūs?","<unk> <unk> , o kas mes?"
7,"Hello, I am Jonas Vasiliauskas","Alio, aš esu Jonas Vasiliauskas","alio, aš esu jonas vasiliauskas"
8,I am from Lithuania,Aš esu iš Lietuvos,Aš esu iš čia
9,Welcome to Vilnius,Sveiki atvykę į Vilnių,Sveiki atvykę į vilnių
10,A hotel room is reserved for you,Jums užsakytas kambarys viešbutyje,"<unk> 2019 UAB ""Viešbutis"". Visos teisės saugomos."
11,"The hotel is called ""Žaliasis tiltas""","Viešbutis vadinasi ""Žaliasis tiltas""","vie<unk> butis vedinis ""žaliasis tiltas"""
12,The hotel is not large,Viešbutis nedidelis,vie<unk> butis ned<unk> delis
13,It is small but comfortable,"Jis mažas, bet patogus","jis mažas, bet patogus"
14,Where is the hotel?,Kur yra viešbutis?,kur ira viešbutis?
15,It is easy to find and not far,"Lengva surasti, jis netoli","sylvania, jis netoli"
16,Go left into Kalvarijos street and it  is one hundred meters in the right,"Pasukite į Kalvarijos gatvę, jis už šimto metrų dešinėje",<unk> <unk> <unk> <unk> <unk> <unk> <unk> <unk> <unk> <unk> <unk> <unk> <unk> <unk> <unk> <unk> <unk>
17,Good night. Till tomorrow,Labanaktis. Iki.,labanaktis. iki.
18,In the hotel,Viešbutyje,viešbutyje
19,The receptionist welcomes you,Jus sveikina registratorė,ius sveikina registratorė
20,I am expecting you already,Aš Jūsų laukiau,Aš esu tavo draugas
21,Have you got your  passport?,Ar turite pasą?,ar turite pasą?
22,Your room number is seven,Jūsų kambario numeris septintas,<unk> 2019 Kestutis.lt
23,It's on the first floor,Jis antrame aukšte,ji antrame aukštas
24,Your room,Jūsų kambarys,jav kambarys
25,Here is your room.,Štai Jūsų kambarys.,<unk> <unk> <unk> <unk> <unk> <unk> <unk> <unk> <unk> <unk> <unk> <unk> <unk> <unk> <unk> <unk> <unk> <unk>
26,The room is very nice.,Kambarys puikus.,kambarys puikus.
27,On the bed is only one  pillow. Would you like two?,"Ant lovos - viena pagalvė, ar norite antrą?","ant lovos - viena pagalvė, ar norite antrą?"
28,No thank you. Only one please.,"Ne, ačiū. Užteks vienos.","ne, ačiū. Užteks vienos."
29,The bathroom is next door.,Vonia yra šalia kambario.,vonia era šalia kambario.
30,Would you like to take a  shower?,Ar norite išsimaudyti?,ar norite išsimaudyti?
31,Yes please.,"Taip, būtų gerai.","timp, ūtų gerai."
32,Here is the soap and a bath towel.,Štai muilas ir vonios rankšluostis.,<unk> <unk> <unk> <unk> <unk> <unk> <unk> <unk> <unk> <unk> <unk> <unk> <unk> <unk> <unk> <unk> <unk> <unk> <unk> <unk> <unk> <unk> <unk> <unk> <unk> <unk> <unk> <unk> <unk>
33,Thank you. The bath towel is large and soft. Terrific!,Ačiū. Rankšluostis didelis ir minkštas.  Nuostabu!,<unk> <unk> <unk> <unk> <unk> <unk> <unk> <unk> <unk> <unk> <unk> <unk> <unk> <unk> <unk> <unk> <unk> <unk> <unk> <unk> <unk> <unk> <unk> <unk> <unk> <unk> <unk> <unk> <unk>
34,In the hotel at reception,Viešbučio registratūroje,viešbučio registratūroje
35,I do not like my room.,"Atsiprašau, bet aš nepatenkintas kambariu.","atsiprašau, lažintis dėl nepatenkinto kambariu."
36,What is the matter then?,O kas negerai?,Kas negerai?
37,I cannot sleep.,Negaliu miegoti.,Negaliu miegoti.
38,I hear the street noise.,Girdėti triukšmas gatvėje.,<unk> <unk> <unk> <unk> <unk> <unk> <unk> <unk> <unk> <unk> <unk> <unk> <unk> <unk>
39,Where is your room?,Kur yra Jūsų kambarys?,kur ira jūsų kambarys?
40,On the first floor.,Pirmajame aukšte.,pirmajame aukštai.
41,My room number is seven.,Mano kambarys septintas.,Mano kambarys septintas.
42,Would you like a room on the fifth  floor?,Ar norite kambario penktame aukšte?,ar norite kambario penktame aukštai?
43,"Yes, please.","Taip, būtų gerai.","timp, ūtų gerai."
44,In the morning,Ryte,ryte
45,"Good morning, did you sleep well?",Labas rytas. Ar gerai miegojote?,labas rytas. ar gerai miegojote?
46,"Yes, thank you.","Taip, ačiū.","aipa, ačiū."
47,"The weather is fine now, isn't it?","Puikus oras, ar ne?","puikus oras, ar ne?"
48,The rain has stopped.,Nustojo lyti.,nustojo lyti.
49,"Yes, it's a fine day.","Taip, puiki diena.","Taip, puiki diena."
50,It's quite hot already.,Jau gana šilta.,<unk> <unk> <unk> <unk> .
51,"What's the time, please?",Kiek dabar laiko?,kiek dabar laiko?
52,Just a moment.,Tuoj pažiūrėsiu.,<unk> žuolas pajūriu.
53,Nearly ten o'clock!,Tuoj dešimt!,Tuoj pat!
54,The Breakfast,Pusryčiai,pusryčiai
55,"Good morning, how are you?","Labas rytas, kaip miegojote?","labas rytas, kaip miegojote?"
56,"Good morning, what's there for  breakfast?",Labas rytas. Ką turite pusryčiams?,labas rytas. ką turite pusryčiams?
57,"We have fresh  rolls: rolls with seeds or soft rolls with butter, honey or jam.","Turime šviežių bandelių: bandelių su aguonomis arba  minkštų bandelių su sviestu, medumi ar uogiene.",<unk> <unk> <unk> <unk> <unk> <unk> <unk> <unk> <unk> <unk> <unk> <unk> <unk> <unk> <unk> <unk> <unk> <unk> <unk> <unk> <unk> <unk> <unk> <unk> <unk> <unk> <unk> <unk> <unk> <unk> <unk> <unk> <unk> <unk> <unk> <unk> <unk> <unk> <unk> <unk> <unk> <unk> <unk> <unk> <unk> <unk> <unk> <unk> <unk> <unk> <unk> <unk> <unk> <unk> <unk> <unk> <unk> <unk> <unk> <unk> <unk> <unk> <unk> <unk> <unk> <unk> <unk> <unk> <unk> <unk> <unk> <unk> <unk> <unk> <unk> <unk> <unk> <unk> <unk> <unk> <unk> <unk> <unk> <unk> <unk> <unk> <unk> <unk> <unk> <unk> <unk> <unk> <unk> <unk> <unk> <unk> <unk> <unk> <unk> <unk> <unk> <unk> <unk> <unk> <unk> <unk> <unk> <unk> <unk> <unk> <unk> <unk> <unk> <unk> <unk> <unk> <unk> <unk> <unk> <unk> <unk> <unk> <unk> <unk> <unk> <unk> <unk> <unk>
58,"Yumm, that smells good.","Hm, kvepia puikiai","hm, kvepia puikiai"
59,I'd like two rolls,Norėčiau dviejų,norėčiau dviejų
60,One roll with seeds and a soft roll with butter and honey,Vieną bandelę su aguonomis ir vieną minkštą su sviestu  ir medumi,Vientisa bandelė su aguonomis ir vieninga pirštą su svestu ir medumi
61,I would also like a glass of orange juice and a cup of coffee  please,Taip pat norėčiau stiklinę apelsinų sulčių ir puodelį  kavos.,aip pat norėčiau stilingą apelsinų sultimis ir puodelio kavomis.
62,Another coffee?,Dar kavos?,dar kavas?
63,Yes please,"Taip, ačiū","aibe, ačiū"
64,The waitress smiles,Padavėjas šypsosi,Papavėjas šypsosi
65,Where do you live then?,Kur Jūs gyvenate?,Kur jūs gyvenate?
66,I live in Toronto,Aš gyvenu Toronte,as as as as as as as as as as as as as as as as as as as as as as as as as as as as as as as as as as as as as as as as as as as as as
67,Is this your's first visit to Vilnius?,Ar Jūs pirmą kartą Vilniuje?,ar jūs pirmenybes kartu vilniuje?
68,"Yes, I like Vilnius","Taip, man patinka Vilnius",", patinka vilnius"
69,Do you understand my Lithuanian?,Ar Jūs mane suprantate?,ar jūs mane suprantate?
70,"Yes, your Lithuanian is good","Taip, Jūs puikiai kalbate lietuviškai.","sapno, jav puikiai lietuviški."
71,"I can understand a lot, but please speak slowly","Taip, aš daug suprantu, bet kalbėkite lėčiau prašom","erotinis, aš esu daug daugiau suprantu, bet kalbėti lėčiau prašom"
72,The Clock.,Laikrodis,laikrodis
73,It is ten o'clock.,Dabar dešimt valandų.,dabar dešimt valandų.
74,It is ten fifteen.,Penkiolika minučių po dešimtos.,penkiolika minučių po dešimtos.
75,Quarter past ten.,Ketvirtis vienuoliktos.,ketvirtis vienuolikos.
76,It is ten thirty or half past ten.,Dešimt valandų trisdešimt minučių arba puse vienuoliktos.,ara s s s s s s s s s s i s
77,It is ten forty five or quarter to eleven.,Dešimt valandų keturiasdešimt penkios minutės arba be penkiolikos  minučių vienuolika.,dešimtų valandinių keturijųdešimt penkios minutės arba be penkiolikos minučių vienuolika.
78,On telephone,Pokalbis telefonu,<unk> 2019 Visos teisės saugomos
79,"Hello Sigita, here is Kathleen.","Sveika Sigita, čia Katlyna.","sveika sigita, cia katlyna."
80,"Hello, how are things?","Sveika, kaip sekasi?","sveika, kaip sekasi?"
81,"Fine, thank you.","Ačiū, puikiai.","aičiū, puikiai."
82,I'm going shopping in a minute.,Aš einu dabar apsipirkti.,aš esu ainu dabar apsipirkti.
83,So am I. I'm going to the market.,Aš taip pat. Ruošiuosi eiti į turgų.,aš esu aiti į turgų.
84,"Oh yes, today is market day.","O, šiandien juk turgaus diena.","o, šiandien juk turgaus diena."
85,Then I'll go to the market as well.,Tada aš irgi eisiu į turgų.,tada aš irgi eisiu į turgų.
86,Shall we meet?,Ar susitiksime?,Ar susitiksime?
87,Is that possible?,Ar tai įmanoma?,ar tai įmanomos?
88,"Yes, that is possible. Where shall we meet then?","Taip, kur galėtumėm susitikti?","squirting, kur galima susitaikyti?"
89,At the first stall.,Prie pirmo prekystalio.,prie pirmo prekystalio.
90,When shall we meet?,Kada?,Kada?
91,At 10 o'clock sharp. Is that all right?,Tiksliai dešimtą. Ar tinka?,Tiksliai dešimtą. ar tinka?
92,What's the time now?,Kiek dabar?,Kiekas Dabaras?
93,Nearly ten.,Greitai dešimt.,Greitiai dešimt.
94,Good-bye; see you in a minute then.,Iki. Greitai pasimatysime.,iki. grietai pasimatysime.
95,On the market,Turguje,turguose
96,"Yum, the strawberries smell lovely.","Ach, kaip puikiai kvepia braškės.","ach, kaip puikiai kvepia braškės."
97,"Yes, strawberries are my favorite.","O, braškės mano mėgstamiausios uogos.","o, braškės mano megstamiausios uogos."
98,"But Ana, the strawberries are not  fresh.","Bet Ana, braškės ne šviežios.","lažinasi, braškės ne šviesios."
99,Not fresh? What a pity!,Ne šviežios? Kaip gaila!,ne šviesūs? kaip gaila!
100,At the vegetable stand,Prie daržovių prekystalio,daržovijų prekybos centras
101,A long cucumber please.,Man prašau ilgą agurką.,vyras prašau ilgą gurką.
102,Anything else?,Dar ką nors?,dar ką nors?
103,"Yes, A nice, lettuce  please.","Taip, prašau gražių salotų.","aip, prašau graikų salotų."
104,"Three Litas , please.",Trys litai.,Išbandyk litai.
105,Here is a twenty Litas  note.,Štai dvidešimt litų.,<unk> <unk> <unk> <unk> <unk> <unk> <unk> <unk> <unk> <unk> <unk> <unk>
106,"Thanks. And here's a ten Litas note and  one, two, three, four, five, six, seven Litas back.","Ačiū. Dešimt litų ir vienas, du,  trys, keturi, penki, šeši, septyni litai  grąžos.","ačiū. dešimt litų ir vienas, du, tries, keturi, penki, šeši, septyni litai gr<unk> os."
107,Thank you.,Ačiū.,Ačiū.
108,At Sigita's,Pas Sigitą,sigitta
109,I am hungry; you as well?,"Aš alkanas(-a), o tu?","as alkanas (-a), o tu?"
110,Yes. When is lunch then?,Taip. Kada priešpiečiai?,ar ne. kada priešpiečiai?
111,Any minute now. The sun is  shining. We could have lunch on the balcony.,Už kelių minučių. Saulė šviečia. Galėtumėm  valgyti balkone.,Už kelių minučių. saulė švieso. galėtumėm valgyti balkone.
112,Teriffic. I lay the table. What we have then?,Puiku. Aš padengsiu stalą. Ką mes valgysim?,puiku. aš palengvėjimas staliukas. ką mes valgysim?
113,"Cheese Šeduva, eggs and  salad. Would you like omelet?","Šeduvos sūrį, kiaušinius ir salotas.  Gal norėtum omleto?",<unk> <unk> <unk> <unk> <unk> <unk> <unk> <unk> <unk> <unk> <unk> <unk> <unk> <unk> <unk> <unk> <unk> <unk> <unk> <unk> <unk> <unk> <unk> <unk> <unk> <unk> <unk> <unk> <unk> <unk> <unk> <unk> <unk> <unk> <unk> <unk> <unk> <unk> <unk> <unk> <unk> <unk>
114,"Omelet? Yuck, I don't like that.","Omleto? Ačiū, bet aš nemėgstu.","omleto? aičiū, lažinuosi nelengstu."
115,I've got some rolls as well.,Aš dar turiu keletą bandelių,aš dar turistinis keltas bandelių
116,"Yes, some rolls please.",Porą bandelių prašom.,porą bandelių prašom.
117,Can we meet this  morning?,Ar galėtumėm šiandien  susitikti?,"ar gali būti, kad šindien susitikti?"
118,"Yes, that's possible.","Taip, galim.","Taip, Galim."
119,At 9 o'clock perhaps?,Gal 9 valandą?,gal 9 valandėlę?
120,"No, that won't do.","Ne, man netinka.","Ne, netinka."
121,I want to go shopping first and the shops open at  8:30.,"Aš norėčiau eiti apsipirkti, o parduotuvės dirba nuo 8:30.","Aš esu čia, kad galėčiau būti laimingas, o aš nuo 8:30."
122,Half past ten is fine.,Tada būtų gerai puse  vienuoliktos.,Tadas Būtų Gerų pese vienuoliktos.
123,All right then. At 10:30.,"Puiku, puse vienuoliktos.","puiku, pese vienuoliktos."
124,Where shall we meet?,Kur mes susitiksime?,kur mes susitiksime?
125,Perhaps in front of the Hermis bank?,Gal prie Hermio banko?,Gal prie hermio banko?
126,"Oh no, not there.","Oi ne, ne ten.","oi ne, ne dešimt."
127,"Better opposite, in the Cafe ""Neringa"".","Geriau kitoje pusėje, Neringos kavinėje.","geriau kitoje pusėje, neringos kavinėje."
128,All right. I'll be there at half past ten.,"Gerai, aš būsiu ten puse  vienuoliktos.","gerai, aš būsiu ten pese vienuoliktos."
129,In the men's outfitter's,Vyriškų drabužių  parduotuvėje,<unk> <unk> <unk> <unk> <unk> <unk> <unk>
130,Good afternoon.,Laba diena.,Laba diena.
131,What can I do for you?,Kuo galiu padėti?,ku gali būti padėtas?
132,I'd like a pair of socks. Cotton please.,Norėčiau keletą porų medvilninių  kojinių,norėčiau kelių porų medvilninių kojinių
133,What size do you take?,Kokio dydžio?,Kokio dydžio?
134,I take shoe size 9-9,Aš nešioju 43 dydį.,aš nešioju 43 dydį.
135,These here are all 70% cotton and 30% nylon.,Štai šitose yra 70% medvilnės  ir 30% neilono.,<unk> <unk> <unk> <unk> <unk> <unk> <unk> <unk> <unk> <unk> <unk> <unk> <unk> <unk> <unk> <unk> <unk> <unk> <unk> <unk> <unk> <unk> <unk> <unk> <unk> <unk> <unk> <unk> <unk> <unk> <unk> <unk> <unk> <unk> <unk> <unk> <unk> <unk> <unk> <unk> <unk> <unk> <unk> <unk> <unk> <unk> <unk>
136,We don't have any in pure. They are not very  practical either.,Mes neturime grynai medvilninių.  Jos nepraktiškos.,<unk> <unk> <unk> <unk> <unk> <unk> <unk> <unk> <unk> <unk> <unk> <unk> <unk> <unk> <unk> <unk> <unk> <unk> <unk> <unk> <unk> <unk> <unk> <unk> <unk> <unk> <unk> <unk> <unk> <unk> <unk> <unk> <unk> <unk> <unk> <unk>
137,I am sorry.,Atsiprašome.,atsiprašom.
138,"Yes, that's a pity!",Gaila.,gaila.
139,Good bye,Viso gero.,Viso gero.
140,"In the Cafe ""Neringa"", ordering a cup of coffee","Neringos kavinėje, kavos užsakymas","neringos kavinėje, kavos užklausimas"
141,May I invite you to a cup of coffee?,Galiu Jus pakviesti puodukui  kavos?,gali būti jūs pakvieti puodukui kavos?
142,Thank you. That's nice of you.,"Ačiū, Jūs labai maloni.","aičiū, jūs labai maloni."
143,The cakes are very good.,Pyragaičiai labai skanūs.,pirgaičių labajų skanūs.
144,Would you like a piece?,Norite dar gabaliuko?,Norite dar gabaliuko?
145,"No thank you. Only a cup of black coffee, please.","Ne, ačiū. Tik juodos kavos,  prašom.","ne, ačiū. tik juoda kava, prašom."
146,"Waiter! A cup of coffee without cream and a little jug of coffee, please.","Padavėjau, puodelį juodos kavos  be grietinėlės ir kavinuką kavos  prašom.","Padavėjai, puodelis į juodą kavą ir kavinukę prašom."
147,Could you please pass the sugar?,Galite man paduoti cukraus?,Galite vyras paduoti kiukraus?
148,Here you are.,Prašau.,Prašau.
149,At a Party,Priėmime,prizmė
150,Here is the wine.,Štai vynas.,<unk> <unk> <unk> .
151,Would you like some?,Ar norėtumėte?,ar norėtutė?
152,Yes please.,"Taip, prašau.","tiip, prašau."
153,Here comes our hostess.,Ateina mūsų šeimininkė.,Ateina mūsų šeimininkė.
154,"Good arternoon, Mr Becker.","Laba diena, ponia Becker.","laba diena, ponia becker."
155,I'm glad to see you.,Malonu Jus matyti.,malonu jus matyti.
156,"It is very warm today, don't you think so?","Labai šilta šiandien, ar ne  tiesa?","Ar tai tiesa, ar ne?"
157,"Yes, very warm indeed. I don't mind warm weather.","Taip, iš tikrųjų. Bet aš mėgstu šiltą orą.","s, iš tikrų. bet aš esu tingus slenkstis."
158,It is really hot today.,Tikrai karšta šiandien.,Tikrai karšta šiandien.
159,You are wearing a jacket and tie.,Jus su švarku ir kaklaraiščiu.,jus su švarku ir kaklaraiščiais.
160,You may take your jacket off if you want to.,"Galite nusirengti, jei norite.","galite nuirengti, jei norite."
161,In the Department  Store; to try something on,Universalinėje parduotuvėje; ką nors pasimatuoti,universalioje parduotuvėje; ką ir pasimatuoti
162,This dress is size 40.,Ši suknelė 40 dydžio.,shi suknelė 40 dydžio.
163,That is too small for me.,Ji per maža man.,Ji per maža vyras.
164,Have you not got it in 42?,Ar neturite 42 dydžio?,ar neturite 42 dydio?
165,No I'm sorry.,"Gaila, neturime.","gaila, neturime."
166,But do try it on.,Bet pasimatuokite.,bet pasimautokit.
167,It might fit.,Gal tiks.,gal tiks.
168,All right then.,Na gerai.,na gerai.
169,Where is the changing room?,Kur galima  pasimatuoti?,Kur galima pasimatuoti?
170,"Over there, next to the  large mirror.","Štai ten, prie didelio veidrodžio.","<unk> <unk> , prie didelio veidrodžio."
171,Thank you,Ačiū.,Ačiū.
172,Hotel  Astoria. To reserve room (by telephone),Viešbutis Astorija. Užsakyti kambarį (telefonu),vie<unk> butis astorija. Užklausti kambarį (telefonu)
173,"Hotel  Astoria, Berlin, can I help you?","Viešbutis Astorija, Berlynas. Kuo galiu Jums padėti?","viešbutis astorija, berlynas. ku gali jums padėti?"
174,Have you any  vacancies?,Ar  turite laisvų kambarių?,ar tiurte laisvų kambarių?
175,"Yes, we  have.","Taip, turime.","Taip, turim."
176,When would you  want them?,Kada norėsite?,kada norėtu?
177,"Tomorrow night  untill Thursday, for one night.","Rytoj  vakare iki ketvirtadienio, vienai nakčiai.","rytoj vakare iki ketvirtadienio, vienų nakčių."
178,"Yes, we we've  still got rooms.",Taip dar turime laisvų kambarių.,taip dar turim laisvų kambarių.
179,What kind of  room would you like?,Kokio Jūs norėtumėte?,kokio jūms norėtutėte?
180,"Two single  rooms with bathroom, please.",Dvi vienutes su  voniomis.,vivienutes su voniomis.
181,Two single  with bath. O.K. What's the name please?,Dvi  vienutes su voniomis? Jūsų pavardė?,dvi vienutes su voniomis? jūsų tvardė?
182,Wilson und  Holz. It's Miss Holz and myself.,Vilsonas ir  Holzas. Tai ponia Holz ir aš.,Vilsonas ir holzas. tai ponia holz ir aš.
183,"I've written  it down, Mr.Wilson. Please report at the reception by 2 p.m. tomorrow. Otherwise we do not  guarantee the booking.","Aš užrašiau, ponas  Vilsonai. Prašau rytoj kreiptis į  registratūrą iki 14 val. Kitaip mes negarantuojame Jums kambario.","Aš esu užrašas, ponas vilnonai. Prašau rytoj kreiptis į registratūrą iki 14 val. kitap mes negarantuojame jus kambario."
184,Thank  you; good-bye.,"Ačiū, viso gero.","aičiū, viso gero."
185,A telegram; reading a message.,Telegramos  perskaitymas,telegramos perskaitymas
186,Here  is a telegram for you.,Čia yra telegrama Jums.,čia era telegrama jums.
187,For  me? How strange. Who sent it?,Man?  Keista. Nuo ko?,vyras? keista. nuo ko?
188,How  should I know? Open it and read it!,Aš nežinau. Atidaryk ir perskaityk!,Aš nežinau. atidaryk ir perskaityk!
189,Arrive  one day later - stop -please stay in Berlin - stop - sightseing perhaps? - stop - See you  later - stop - Peter H.,Atvykstu viena diena vėliau - taškas - pasilik Berlyne - taškas  - gal pasižvalgyk mieste - taškas - Pasimatysime - taškas - Peter H.,atvykstu viena diena vėliau - taskas - tasilik berlyne - taskas - gal pasižvalgyk miete - taskas - pasimatysime - taskas - peter h.
190,"Well,  are you staying?","Taigi,  pasilieki?","taigi, pasilieki?"
191,Of  course I am!,"Na, žinoma!","na, žinoma!"
192,Another  message...Reading a bizarre message.,Dar viena žinutė,Dar viena mergaitė
193,Have a  listen:  Do I come? - or do you come? Over the weekend or on Friday? In the castle or in the court  gardens? Where shall we meet?,"Klausyk,  aš atvykstu ar Tu atvyksti? Savaitgalyje ar penktadienį?  Pilyje ar pilies sode? Kur susitinkame?",<unk> <unk> <unk> <unk> <unk> <unk> <unk> <unk> <unk> <unk> <unk> <unk> <unk> <unk> <unk> <unk> <unk> <unk> <unk> <unk> <unk> <unk> <unk> <unk> <unk> <unk> <unk> <unk> <unk> <unk> <unk> <unk> <unk> <unk> <unk> <unk> <unk> <unk> <unk> <unk> <unk> <unk>
194,Who's sent  that then?,Kas tai siunčia?,kas tai siunčia?
195,"I don't  know,  no idea. Perhaps a ghostwriter?",Neįsivaizduoju. Gal dvasia?,neįsivaizduoja. gal dvasia?
196,Very  strange!,Labai keista!,labai keista!
197,Exactly as in  a thriller.,Kaip  detektyve.,kaip detektyve.
198,There's no  parking here!,Čia  mašinas statyti draudžiama.,čia mašinas statyti draudžiama.
199,I didn't know  that. I will drive off immediatly.,Aš  nežinojau. Aš tuoj pat išvažiuosiu.,aš nežinau. aš esu tavoj pat išvažiuoju.
200,On weekends you  can park here.,Savaitgaliais  galima.,Savaitgaliai galima.
201,And what day is  it today?,O kokia  šiandien diena?,O kokia šiandien diena?
202,Today is  Wednesday.,Trečiadienis.,trečiadienis.
203,Wha t a  pity! But  I can't wait for 2 days!,Gaila. Bet aš  negaliu dvi dienas laukti.,"gaila. bet aš negalvoju apie tai, kaip reikia."
204,And you are not  allowed to do so either!,"Gaila,  bet niekuo negaliu padėti.","naivuolė, bet niekuo negaliu padėti."
205,Enquiring about public transport,Paklausti apie viešąjį transportą,<unk> <unk> <unk> <unk> <unk> <unk> <unk>
206,Where  do you want to go?,Kur Jūs norėtumėte nueiti?,kur jūs norėtutė nueiti?
207,To  the castle please.,Į pilį.,į pilį.
208,By  tube or bus?,Metro ar autobusu?,metro ar autobusą?
209,Which  is the best?,O kaip geriau?,O kaip dėl geriau?
210,"By  tube it's faster, but the bus is cheaper.","Metro  - greičiau, o autobusu - pigiau.","metro - greitkelis, o autobusu - pijau."
211,I'll  take the bus.,Tada autobusu.,Tadas autobusiukas.
212,Which  number (bus) is it please?,Kuris autobusas?,Kuris autobusą?
213,Number  48; it goes directly to the castle.,48 numeris važiuoja  tiesiai prie pilies.,48 numeris važiuoja tiesi prie pilies.
214,Where  is the stop?,Kur sustojimas?,Kur susisteminti?
215,"The  stop is right here, at the corner, on tie right hand side.","Sustojimas čia pat, už kampo, dešinėje pusėje.","sustojantis cia pat, už kampo, dešinėje pusėje."
216,"Oi the right, yes of cource, I almost forgot about that.",Dešinėje? Aš visai užmiršau.,Aš visai užmiršau.
217,Many thanks.,Didelis ačiū.,Didelis Ačiū.
218,You're welcome.,Nėr už ką.,nykštys už ką.
219,Describing  an accident,Avarija,avarija
220,What was that?,Kas atsitiko?,Kas atsitiko?
221,"An accident,  in Kantstrasse.",Avarija Kanto gatvėje.,avarija kanto gatvėje.
222,How did it happen?,Kaip tai  buvo?,kaip tai buvo?
223,The traffic  lights at the crossing are not working. Three cars have collided.,Šviesoforas kryžkelėje nedirba. Susidūrė trys  automobiliai.,sviesoforas kryžkelėje nedirba. susidūrusi bando automobilius.
224,Is somebody injured?,Ar kas nors sužeistas?,ar kas nors sužaistą?
225,"Yes, two  drivers are badly injured' the other passengers only slightly, thank goodness.","Taip, du vairuotojai sunkiai sužeisti, ačiū Dievui - kiti nesunkiai.","aip, du vairuotojai sužaistus, ačiū dievui - kiti nesunkiai."
226,Whenn did it  happen then?,Kada tai  atsitiko?,kada tai atsitiko?
227,Ten minutes  ago. Somebody rang the ambulance.,Prieš dešimt minučių. Kažkas iškvietė greitąją.,prieš iššąlančių minučių. kažkas iškviete greitąją.
228,It will be  here soon.,Ji greitai  atvyks.,Ji greitai atvyks.
229,"I hope so. The  traffic looks like chaos, don't you think?","Tikėkimės. Toks didelis judėjimas, ar ne?","Tikėkimai. toks didelis judėjimas, ar ne?"
230,Difficulties  on the phone (to complain about an order,Apie  nesusipratimus telefonu,<unk> <unk> <unk> <unk> <unk> <unk>
231,"Sauer & Co., hello.","Alio, Sauer  & Co.","alio, sauer & co."
232,Good morning.  Becker fashions. We received your parcels this morning.,Labas rytas. Bekerio mados. Šiandien gavome Jūsų siuntinį.,labas rytas. bekerio mados. šiandien gauome jūsų siuntin<unk> s.
233,Which parcel  are you talking about?,Apie kurį siuntinį Jūs kalbate?,apie asians apie squirting apie jos čiulpimas
234,The delivery  of socks.,Siuntinys su kojinėmis.,siuntinys su kojinėmis.
235,Now I remember. Good.,Prisimenu.,prisimenu.
236,I'm pleased.,"Gerai, kad  gavote.","Gerai, kad gavote."
237,"No, not good  at all.",Visai ne  gerai.,Visai ne gerai.
238,There are as  many as 300 pairs of grey socks.,Jame 300 porų pilkų kojinių.,Jame 300 porų pilkų kojinių.
239,That's right.,Teisingai.,Teisingai.
240,"No, it's not  right. Miss...","Ne,  neteisingai, panele...","ne, neteisingai, panele..."
241,"Mrs., if you  please, Mrs. Ernst.",Ponia...  Ponia Ernst.,Ponia... Ponia Ernst.
242,"Mrs. Ernst, we  didn't actually order 300 pairs of grey socks.","Ponia Ernst, mes iš tikrųjų neužsakėme 300 porų pilkų kojinių.",<unk> <unk> <unk> <unk> <unk> <unk> <unk> <unk> <unk> <unk> <unk> <unk> <unk> <unk> <unk> <unk> <unk> <unk> <unk> <unk> <unk> <unk> <unk> <unk> <unk> <unk> <unk> <unk> <unk> <unk> <unk> <unk> <unk> <unk> <unk> <unk> <unk> <unk> <unk> <unk> <unk>
243,"Oh, yes, you  did. I've got it here in the books.",Užsakėte. Aš matau knygoje.,užsakinė. aš matau knygoje.
244,"Mrs. Ernst,  something must be wrong there. We ordered 30 pairs of grey socks, not 300.","Ponia Ernst, kažkas čia negerai. Mes užsakėme 30 porų pilkų kojinių, o  ne 300.","ponia ernst, kažkas čia negerai. mes užsakinėjame 30 porų pilkų kojinių, o ne 300."
245,Not 300 then?,Ne 300?,300?
246,"Oh well, send  those you don't want back to us.","Ach, išsiųskite mums, jeigu Jūs jų nenorite.","ach, išsišiūręs mama, jeigu jūs nenorite."
247,Goodbye.,Viso gero.,Viso gero.
248,"I don't know  what to say, but what I can do?","Aš tiesiog nežinau, ką pasakyti. Bet ką aš galiu padaryti?","aš esu tas pats, ką aš galiu padaryti?"
249,A meeting  on the plane,Susitikimas lėktuve,erotinis seksas
250,"Hello, Mrs Schmidt.","Sveika, ponia  Šmidt.","sveika, ponia šmidt."
251,What a  surprise to meet you here on the plane!,Koks netikėtumas Jus čia lėktuve sutikti!,squirting čiulpimas sucks squirting!
252,Yes. Isn't it?,Tikrai?,Tikrai?
253,How are you?,Kaip sekasi?,kaip sekasi?
254,"I'm fine  thanks, and how are you?","Puikiai, o  Jums?","puikiai, o jums?"
255,Where are you  going to?,Kur Jūs vykstate?,kur jūs vykstate?
256,I'm going to  visit my son. He is living in Switzerland now. And what about you?,Ruošiuosi aplankyti savo sūnų. Jis gyvena Šveicarijoje. O Jūs?,ruošiuosi aplaistytos savo kūno. jis gyvena šveicarijuje. o jus?
257,I'm on  business again. I often fly on this route.,Aš vėl komandiruotėje. Aš dažnai skrendu šiuo maršrutu.,<unk> <unk> <unk> . <unk> <unk> . <unk> <unk> . <unk> . <unk> .
258,I see. How  often then?,Matau. Kaip dažnai?,matau. kaip dažnai?
259,About 2-3  times per month.,Maždaug tris kartus per mėnesį,Maža Tris Kartus per Mėnesį
260,I'm only  flying for the second time today!,O aš skrendu šiandien antrą kartą!,o aš skrendu šiandien antrinę karto!
261,No wonder that  we don't meet more then!,"Ne nuostabu, kad mes ne dažnai susitinkame!","ne nuostabu, kad mes ne dažnai susitinkame!"
262,Talking  about interests,Pokalbis apie pomėgius,<unk> 2019 Pomėgiai
263,What are you  interested in?,Kuo Jūs domitės?,kuo mes domenės?
264,That depends.  I'm interested in many things.,Kaip čia pasakius? Aš domiuosi daugeliu dalykų.,kaip čia pasakius? aš domiuosi daugeliukų.
265,Are you  interested in art?,Ar Jūs domitės menu?,ar jūsų namų meniu?
266,What kind of  art do you mean?,Žiūrint ką Jūs turite galvoje?,ar žiurint ką jūs turite galinėje dalyje?
267,Paintings.,Tapybą.,Tapyba.
268,"Oh yes, I'm  very interested in paintings.",O taip. Man  patinka tapyba.,o taip. man patinka tapyba.
269,What kind of  paintings are you particularly interested in?,Kokia tapybos rūšimi Jūs daugiausiai domitės?,kokia tapybos rūzimi rūmus daugių domitės?
270,Expressionist  paintings like the ones by Kandinsky and Schmidt-Rotluf for  example. I like both very much.,"Ekspresionistai, pavyzdžiui tokie kaip Kandinskis ir  Šmidt-Rotlufas. Aš juos abu mėgstu.","espresionistai, pavyzdžiui tokie kaip kandinskis ir šmidt-rotlufas. aš juos abu mėgstu."
271,So you are  only interested in modern art?,"Taigi, Jūs domitės tik moderniu menu?","taigi, jūsų namų tik modernu meniu?"
272,"No, I'm also  interested in the impressionists, but not as much.","O ne. Man  patinka ir impresionistai, nors ne perdaug.","o ne. vyras patinka ir impresionistai, nei ne perdaug."
273,"I 'm not  interested in paintings at all, only in photography.",O man visai  nepatinka tapyba. Aš domiuosi fotografija.,o vyras visai nepatinka tapyba. aš domiesi fotografija.
274,Talking  about the weather,Pokalbis apie orą,<unk> 2018 Ryte
275,Do you know  what the weather is going to be like?,"Ar žinote, koks bus oras?","ar žinote, koks bus oras?"
276,"Yes, I happen  to know it; I've seen the weather report.","Taip, atsitiktinai perskaičiau orų prognozę.","ai, ai, ai, ai, ai, ai, ai, ai, ai, ai, ai, ai, ai, ai, ai, ai, ai, ai, ai, ai, ai, ai, ai, ai, ai,"
277,What's the  weather like in London?,Koks bus oras  Londone?,Koks autobusas ar lotone?
278,In London  it's cool; but it's going to improve.,"Bus vėsu, bet žada pasitaisyti.","bus vėsu, bet žada pasitaikys."
279,And what's  the weather in Berlin going to be like?,O koks bus  oras Berlyne?,O koks autobusas oro berlynas?
280,"Here it's  going to stay warm, just as yeterday. Here it's going to be a lovely  summer.","Ž  ada būti  saulėtas ir šiltas, toks kaip vakar. Puiki vasara!",ada za za za za za za za za za za za za za za za za za za za za za s za s s s s s s s
281,You are quite  right.,Jūs teisus.,Jus teisi.
282,It's fairly  warm already.,Jau net dabar  šilta.,JAU neto dalgis šilta.
283,"According to  the report, we will get as much as 30o centigrade today.",Pagal prognozę bus šiandien 30  o šilumos.,pagal prognozę autobusas Šiandien 30 o šilumos.
284,Do  you like it?(To express likes),Ar  Jums patinka?,ar jums patinka?
285,Do you like  Berlin?,Ar patinka  Jums Berlynas?,ar patinka jums berlynas?
286,"Oh, yes very  much.","Taip, labai  patinka.",", labara patinka."
287,What do you  like best?,O kas  daugiausiai patinka?,Kas yra daugių patinka?
288,I like the  National Gallery and Schloss Charlottenburg best.,Daugiausiai Nacionalinė galerija ir Šarlotenburgo pilis.,Daugių nacionalinė galerija ir Šarlotenburgo pilis.
289,But also like  the Court Gardens.,Taip pat  patinka pilies sodas.,Taip pat pat patinka pilies sodos.
290,Would you like  to live in Berlin?,Ar norėtumėte gyventi Berlyne?,ar norėtutėte giventi berlyne?
291,"Oh  yes, that  would be good. I would speak German a lot better then.",Tai būtų puiku. Aš geriau kalbėčiau vokiškai.,tai rūsių puiku. aš geriau kalbėčiau vokiškai.
292,Where do you  live then?,Kur Jūs gyvenate?,Kur jūs gyvenate?
293,"I live in  London, and you?","Aš gyvenu Londone, o Jūs?","Aš esu gyvenu londone, o jūs?"
294,"I have been  living here in the ""Spreemetropolis' for the past 40 years. I'm a genuine Berliner.",Aš gyvenu čia Šprimetropolyje jau keturis metus. Esu tikras  berlynietis.,"Aš esu čia, kad aš esu čia, kad aš esu čia, kad aš esu čia."
295,To  discuss methods of payment,Apie mokėjimo būdus,Apie mus
296,That comes to  125 marks 50.,Tai bus 125 markės ir 50.,Tai bus 125 markės ir 50.
297,"I haven't got  that much on me, sorry.","Gaila, prie savęs aš neturiu tiek daug.","gaila, prie savęs aš neturiu tiek daug."
298,That doesn't  matter. You can pay by credit card.,Tai nieko. Jūs galite mokėti kreditine kortele.,tai nieko. jūs galite mokyti creditine kortele.
299,Do you also  take cheques?,O ar galiu čekiais?,o ar galinių čekių?
300,"Yes, if you  have a valid cheque card (on you).","Taip, jeigu  jie galiojantys.","Taip, Džiugu Jie galiojantys."
301,"Yes, of course.","Taip, žinoma.","timp, žinoma."
302,All right  then. Please make the cheque payable to Zille and Co.,Gerai. Išrašykite tada čekį Ciles ir Ko vardu.,Gerai. Išrišykite tada čekį ciles ir ko vardu.
303,And here is  my cheques card.,"Štai čekis, prašau.","štai čekis, prašau."
304,"Ah,  see, you  are English? You speak German very well.","Ach, Jūs anglas? Bet Jūs kalbate puikiai vokiškai.","ach, jūs anglas? bet jūs kalba puikiai vosškai."
305,Congratulations!,Sveikinu!,sveikinu!
306,Thank you  very much.,Ačiū.,Ačiū.
307,To  express quality,Apie dovanas (kokybė),<unk> 2018 Kokybė
308,Have a look at  the present I bought.,"Pažiūrėk, kokią dovaną aš nupirkau.","<unk> , <unk> , <unk> , <unk> , <unk> , <unk> , <unk> , <unk> , <unk> , <unk>"
309,"Oh, a  wallet,  made of leather.","O, piniginė, ir odinė.","o, piniginė, ir odinė."
310,Who is it  for.,Kam tai?,Kam tai?
311,"For  Max, for  his birthday.","Maksui, jo  gimtadienis.","maksui, jo gimtadienis."
312,I bought a  spectacle case made from a nice piece of cloth for him; and from his girlfriend he is  getting a genuine silver ring.,O aš nupirkau jam dėklą akiniams iš gražios medžiagos o nuo  savo mergaitės jis gaus tikrą sidabrinį žiedą.,o aš nupirkau jam gėdingai <unk> <unk> <unk> <unk> <unk> <unk> <unk> <unk> <unk> <unk> <unk> <unk> <unk> <unk> <unk> <unk> <unk> <unk> <unk> <unk> <unk> <unk> <unk> <unk> <unk> <unk> <unk> <unk> <unk> <unk> <unk> <unk> <unk> .
313,Really?,Tikrai?,Tikrai?
314,"Yes, made of  real silver.","Taip, tikrą sidabrinį.","tigr, tikr<unk> nin<unk> ."
315,He is well off  this year.,Jam sekasi  šiemet.,jam sekasi shiemet.
316,To  describe a person,Apibūdinti asmenį,apibūdinti asmen
317,Could you  please meet my uncle at 12.57?,Ar negalėtum 12.57 sutikti mano dėdę?,ar negalėtum 12.57 sutikti mano dieną?
318,I'm  busy.,Aš neturiu  laiko.,aš neturiu laiko.
319,"From the  station, you mean?","Turi galvoje,  nuo stoties?","Turi galvoje, nuo stoties?"
320,"Okay, what  does he look like?","Na gerai, o  kaip jis atrodo?","na gerai, o kaip jis atrodo?"
321,"He is very  tall, about 6', and he's rather fat.","Jis labai  aukštas, apie 1,8 m, ir pilnas","<unk> žuolas, <unk> 1,8 m, ir pilkas"
322,Does he wear  glasses?,Ar jis  nešioja akinius?,ar jis nešioja akinius?
323,"Yes, and he is  always very elegantly dressed. Most of the time in a dark suit, and he is always carrying  a briefcase.","Taip, jis visada apsirengęs elegantiškai. Dažniausiai tamsiu  kostiumu, visada su portfeliu.","ai, jis visada apsirengęs elegantiškus. dažniaus tamsiu kostiumu, visada su portfeliu."
324,There are  hundreds of those types. What's his name then?,Tokių šimtai. Koks gi jo vardas ir pavardė?,Tokių šimtai. kok gi jo vardas ir pavardė?
325,"Heinrich  Meier, the same as me.","Henrikas  Mejeris, kaip ir aš.","henrikas mejeris, kaip ir aš."
326,Get  well wishes,Palinkkėimai pasveikti.,Palinkėjimai pasisveikinti.
327,Have you  anything planned for today?,Ar ką nors šiandien planavai?,ar ką nors šiandien planasavai?
328,"Yes, I have to  go to the hospital.","Taip, turiu nueiti į ligoninę.","aip, turi nueiti į ligoninę."
329,"Oh, what's  hapenned then?",O kas  atsitiko?,Kas atsitiko?
330,My granndad is  in hospital.,Mano senelis ligoninėje.,mano senelis ligoninėje.
331,I'm going to  visit him,Norėčiau jį aplankyti.,norėčiau jį planą.
332,"He's had an  accident, you know.","Tu gi žinai, jis buvo papuolęs į avariją.","tu gi žiuriai, jis buvo papuolęs į avariją."
333,"Oh,  dear, how  is he then?",O kaip jis  dabar?,O kaip jis dabar?
334,"He's better  now, thank goodness.","Ačiū Dievui, dabar jaučiasi geriau.","aičiū dienui, dabar jaučiasi geriau."
335,"He has had a  car accident, you know,","Tai buvo automobilio avarija, tu žinai.","tai buvo automobilio avarija, tu žiureti."
336,"Well, when I  think of it, I feel sort of queasy.(lit.)","Kai aš apie  tai galvoju, man tiesiog bloga.","ai aš apie tai galvoju, vyras tieciog bloga."
337,"I'm sorry for  him. He meant to fly to Zurich, didn't he?","Man gaila. Jis norėjo į Ciuriką skrįsti, ar ne?",s. s. s. s. s. s. s. s. s.r.
338,Yes today  (exactly). He was really unfortunate.,"Tiksliai,  šiandien. Jam tiesiog nepasisekė.","tiksliai, šiandien. jam tiesiog nepasiekė."
339,Ich wish him a  speedy recovery.,Linkiu jam kuo greičiau pasveikti.,<unk> <unk> <unk> <unk> <unk> <unk> <unk> .
340,Thanks. Bye  for now.,Ačiū. Kol kas.,ačiū. kol kas.
341,Cheers.,Iki.,Iki.
342,The  mysterious briefcase,Paslaptingas  portfelis,portfelis
343,"Well,  Mrs. B.  I say, your briefcase looks very smart.","O, ponas B., Jūsų portfelis atrodo labai įdomiai.","o, ponas b., jūsų portelis atrodo labi įdomiai."
344,What have you  got in it?,Ką Jūs ten turite?,ką jūs ten turit?
345,"I don't know  myself, actually.",Aš iš tikrųjų pats nežinau.,Aš esu tikrų pats nežinau.
346,What? Do you  mean that you don't know what's in your case?,"Ką? Jūs sakote, kad pats nežinote, ką turite portfelyje?","ką? jūs sakote, kad paats nežinote, ką turit portfelyje?"
347,That's what I  said.,"Taip, kaip girdėjote.","squirting, squirting, squirting"
348,Don't you want  to know it?,Ir nenorite žinoti?,ir nenorite žinoti?
349,Of course I do.,"Žinoma, noriu.","žinoma, noriu."
350,Then I would  certainly feel better.,Jausčiausi tada geriau.,ausčiaus tada geriau.
351,Why don't you  have a look then?,Tai kodėl tada nepažiūrite?,ar tai kodėl tada nepažiūrite?
352,"Okay then;  here, look for yourself.","Gerai,  pažiūrėk pats.","gerai, pažiūriškės."
353,"Only papers,  nothing but papers.","Nieko, tik  popieriai.","nieko, tik popieriai."
354,Are you  feeling better now?,Ar dabar Jums  geriau?,ar dabar jus geriau?
355,"At a  Party,  talking about a family.","Vakarėlyje,  apie šeimą","voveriukas, pie šeimą"
356,We haven't seen  each other for ages. How are your children?,Šimtą  metų nesimatėme. Kaip Jūsų vaikai?,<unk> <unk> <unk> <unk> <unk> <unk> <unk> <unk> <unk> <unk> <unk> <unk> <unk> <unk> <unk> <unk> <unk> <unk> <unk> <unk> <unk> <unk>
357,"You have got  two,  haven't you?","Jūs  turite du, ar ne?",Ar ne?
358,That's  right.  Since we last met my daughter has married.,"Taip.  Nuo to laiko, kai buvome susitikę, mano duktė ištekėjo.","aip. nuo to laiko, kai buvome susitikę, mano duktė ištekėjo."
359,"Your daughter is  a doctor, isn't she?","Jūsų  duktė gydytoja, ar ne?",<unk> <unk> <unk> <unk> <unk> <unk> <unk> <unk> <unk> <unk> <unk> <unk> <unk> <unk>
360,"No, my wife is a  doctor.","Ne,  mano žmona yra gydytoja.","ne, mano žmona yra gydytoja."
361,"My daughter is  still at university, and my son as well.","Mano  duktė dar studijuoja universitete, taip pat ir sūnus.","mano dukra dar studioja universitete, taip pat ir sunus."
362,What do they  study then?,Ką jie  studijuoja?,ką jie studijuoja?
363,Both the same  subject.,Abu  tą patį dalyką.,ab oooooooooooooooooooooooooooooooooooooooooooooooooooooooooooooooooooooooooooooooooooooooooooooooooooooooooooooooooooooooooooooooooooooooooooooooooooooooooooooooooooooooooooooooooooooooooooooooooooooooooooooooooooooooooooooooooooooooooooooooooooooooooooooo
364,Business  management.,Vadybą.,vadybą.
365,And your  children? What do they do?,O  Jūsų vaikai? Ką jie veikia?,o jūsų vaikams? ką jie daro?
366,I have no  children.,Aš  neturiu vaikų.,aš negrų vaikų.
367,"I'm not  married, either.",Ir  nesu vedęs.,ir nesu vedęs.
368,You must be  thinking of my sister.,Jūs  tikriausiai galvojate apie mano seserį?,<unk> <unk> <unk> <unk> <unk> <unk> <unk> <unk> <unk> <unk> <unk> <unk> <unk> <unk> <unk> <unk> <unk> <unk> <unk> <unk> <unk> <unk> <unk>
369,She has two  children.,Ji turi du  vaikus.,Ji turi du vaikus.
370,Holidays,Atostogos,atostogos
371,How was your  holiday then?,Kaip Tavo  atostogos?,Kaip gauti atostogos?
372,Great. We've been  to South Germany by car.,Puikiai.  Mes keliavome po pietinę Vokietiją automobiliu.,pūkai. mes greivome po pietinę vokietiją automobiliu.
373,I don't know  South Germany.,Aš  visai nežinau pietinės Vokietijos.,aš visai nežinau pietinės Vokietijos.
374,"Oh, the area is  wonderful! Meadows, woods, mountains, mountain lakes. We loved it!","O,  vietos puikios! Pievos, miškai, kalnai, ir ežerai. Mums labai patiko.","o, vietos puikios! pievos, miškai, kalnai, ir ežerai. mums labas patiko."
375,What was the  weather like?,O koks buvo  oras?,O koks buvo oros?
376,We had 7 days  rain and 3 days of sunshine!,"Septynias  dienas lijo, o tris - švietė saulė!","septynias dienis lijo, o tris - švitė saulė!"
377,Plans for a  picnic. Making sugestions.,Iškylos  planavimas. Pasiūlymai.,Iškylos planavimas. pasiūliai.
378,Are you  hungry?  Or not yet?,"Ar Tu jau  alkanas, ar dar ne?","ar tu jau alkanas, ar dar ne?"
379,I'm hungry and  thirsty.,Aš  alkanas ir ištroškęs.,aš alkanas ir ištroškęs.
380,Shall we have our  picnic?,Ar jau  valgysime?,Ar jau valgysime?
381,That's a great  idea. Where shall we have the picknic?,Tai  puiki mintis. Kur bus mūsų piknikas?,tai puiki mintis. kur autobusas mūsų piknikas?
382,I suggest in the  court gardens.,Siūlau  pilies sode.,siuvau pilies sode.
383,"Yes, that's  grand. Afterwards we can go inside and have a look around. I would like to see the  porcelain collection.","O,  mes galime eiti į vidų ir apžiūrėti pilį. Aš norėčiau pamatyti porceliano  kolekciją.","o, mes galim eiti į vidu ir apiūrėti pilį. aš norečiau pamatyti porceliano kolekciją."
384,It's very  famous.  It contains all the original pieces from the 18th century.,"Ji  gana garsi. Visi daiktai originalūs, iš 18 amžiaus.","ji gana garsi. visi daitai originalūs, iš 18 amžiau."
385,I've heard about  that. I hope we won't break anything.,"Aš  girdėjau apie tai. Tikiuosi, mes jų nesudaužysime.",<unk> <unk> <unk> <unk> <unk> <unk> <unk> <unk> <unk> <unk> <unk> <unk> <unk> <unk> <unk> <unk> <unk> <unk> <unk> <unk> <unk> <unk> <unk> <unk> <unk> <unk> <unk> <unk> <unk>
386,Don't  worry! It's  all behind glass.,Nesijaudink! Jie  visi po stiklu.,nerijaudink! jie visi po stiklu.
387,Turning up late for an appointment,Vėlavimas  į susitikimą,<unk> <unk> <unk> <unk> <unk> <unk>
388,It's now twenty  past 12.,Jau  20 minučių po dvyliktos.,<unk> 20 minučių po dvyliktos.
389,I had expected  you at 12.,Aš  Jūsų laukiau dvyliktą.,Aš esu <unk> <unk> .
390,But you are quite  out of breat!.,Bet  Jūs gi uždusęs!,screampie squirting uždusęs!
391,I'm sorry. I had  (really) bad luck. This is a black day for me.,"Atsiprašau, bet  man labai nesisekė. Nesėkminga diena.","<unk> , labas <unk> . nesėkminga diena."
392,Everything went  wrong.,Viskas buvo  blogai.,Viskas buvo blogai.
393,What do you mean?,Ką Jūs turite galvoje?,ką jūs turite galinėje dalyje?
394,"Well, the train  arrived late.","Nagi,  traukinys vėlavo.","<unk> , traukinys vėžavo."
395,Then I couldn't  get a taxi; and besides the lift here isn't working either.,"Po  to negalėjau rasti taksi, be to čia ir liftas nedirba.","Po to negalėjai rasti taksi, be to, kad cia ir liftas neirba."
396,I must say that's  really too bad. First get your breath back.,Tikrai blogai. Bet pirmiausia atgaukite kvapą. Atsisėskite.,Tikrai blogai. bet pirmiausia atgaukite kuprinę. atsišėskite.
397,"Thanks. No  wonder, today is Friday the 13th.","Nieko  nuostabaus, šiandien vasario 13 diena.","nieko nuostabaus, Šiandien vasario 13 diena."
398,To express  surprise and disbelief,Išreikšti  nustebimą ir netikėjimą,<unk> <unk> <unk> <unk> <unk> <unk> <unk> <unk> <unk> <unk>
399,I have a surprise  for you.,Turiu  Tau siurprizą.,turiu tau sierprizą.
400,"What is it,  please do tell me!","Kas tai,  pasakyk.","kas tai, pasakyk."
401,Have a quess.,Spėk.,spėk.
402,What could it be?  I have no idea.,Kas  tai galėtų būti. Neturiu supratimo.,kas tai gali būti. neturiu supratimo.
403,Imagine you had  won the pools.,"Įsivaizduokite,  išlošėte.","įšivaizduokit, išlošėt."
404,What do you mean?,Ką  Jūs turite galvoje?,ką jūs turite galinėje dalyje?
405,As I said: You  have won a huge amount of money.,Aš  gi pasakiau. Jūs laimėjote krūvą pinigų.,aš gi pasakiau. s<unk> j<unk> s laim<unk> jote kr<unk> v<unk> pinig<unk> .
406,"What, me? Really?  How come?",Kas?  Aš? Iš tikrųjų? Kaip?,kas? aš? iš tikrųjų? kaip?
407,I don't know how  to say.,"Aš  nežinau, ką ir sakyti.","aš nežinau, ką ir sakyti."
408,We schould have a  drink on that!,Turime išgerti.,turime išgerti.
409,"Yes, of course.  I'll pay for it.",Žinoma.  Aš moku.,s. s. moku.
410,Enquiring  about a mystery (or good luck?),Paslaptis?,paslapčiomis?
411,"Please  tell me inspector, why all these mysteries?","Pasakykite prašom, inspektoriau, kas čia per paslaptis?","assfucking, kas cia per paslaptis?"
412,That  I will tell you: this Man has inherited a fortune and doesn't believe it.,"Aš galiu pasakyti, jam nusišypsojo laimė. Ir jis netiki.","aš galiu pasakyti, jam nušypsojo laim. ir jis netiki."
413,What  do you mean?,Ką Jūs turite galvoje?,ką jūs turite galinėje dalyje?
414,He  just can't believe it.,Jis negali patikėti.,jis negali patyčias.
415,Did  he really inherit it?,Ar jis tikrai laimėjo?,ar jis tikrai laimėjo?
416,Are  you sure it's true?,"Ar Jūs tikras, tai tiesa?","ar jūs tikras, tai tiesa?"
417,They  are hardly any doubts.,Nėra jokios abejonės.,nera jokios abėjonės.
418,What  do you mean by that?,Ką visa tai reiškia?,ką visa tai reiškia?
419,I  don't believe it either! It's too good to be true!,Aš tikrai netikiu. Tai būtų per daug gerai.,<unk> <unk> . <unk> <unk> . <unk> <unk> . <unk> . <unk> .
420,Two  friends on holiday,Du  draugai atostogauja,du draugai atostogauja
421,I  have to go to the bank and change money.,Aš turiu nueiti į banką ir pakeisti pinigus.,Aš turiu niuti į banką ir pakeisti pinigus.
422,Let's  go together.,Eikime kartu.,Eikime karto.
423,I  need money as well.,Man  taip pat reikia pinigų.,vyras taip pat reikia pigų.
424,What's  the exchange rate today?,Koks  kursas šiandien?,<unk> <unk> <unk> <unk> <unk> <unk> <unk> <unk> <unk> <unk> <unk> <unk> <unk> <unk> <unk>
425,"Not  so favourable, but I haven't any more cash.","Ne  toks jau geras, bet aš nebeturiu grynųjų.",ne tos džiu jė jė jė jė jė jė jė jė jė jė jė jė jė jė jė jė jė jė jė jė jė jė jė jė jė jė jė jė jė jė jė jė jė jė jė jė jė jė jė jė jė jė jė jė jė je
426,Only  traveller's cheques.,Tik  kelioninius čekius.,Tik kelioninius čekius.
427,In  the restaurant opposite I've paid with my credit card.,"Restorane,  priešais, aš mokėjau kreditine kortele.","restorane, priešais, aš mokinu krediteine kortele."
428,That's  possible?,Ar  galima?,Ar galima?
429,What  is the food like there?,Kaip  ten valgis?,Kaip ten valgis?
430,I  found it very good.,Man  patiko.,vyras patiko.
431,The  chef knows how to cook well.,Virėjas  moka virti.,virėjas moka virti.
432,At the  bank,Banke,Banke
433,Would you please  change this 500 mark note into Swiss franks for me?,Iškeiskite  prašom 500 markių į šveicariškus frankus.,Iškeiskite prašą 500 markių į šveicariškus frankus.
434,Please go to the  foreign exchange counter.,Eikite  prašom prie užsienio valiutos keitimo langelio.,eikite prašom prie užsienio valiutos maitinimo langelio.
435,Thank  you.,Ačiū.,Ačiū.
436,At the  foreign exchange counter,Prie  užsienio valiutos keitimo langelio,prieš užsienio valiutos maitinimo langelio
437,"I'd like Swiss  franks, for 500 marks please.",Norėčiau  šveicariškų frankų už 500 markių.,norėčiau šveicarinių frankų už 500 markių.
438,Certainly. Here  is your money and your receipt.,Prašom.  Štai Jūsų pinigai ir kvitas.,Prašm. šai jūsų pinigai ir kvitas.
439,Could you also  give me Austrian shilings for 1000 marks please.,Duokite man  prašom dar Austrijos šilingų už 1000 markių?,Dvylikapirštis vyras prašmoja dar austrijos šilingų už 1000 markių?
440,Cash or  traveller's cheques?,Grynais  ar kelioniniais čekiais?,ar kelioniniai čekiai?
441,Cash  please.,Grynais  prašom.,gervė prašom.
442,"In the  street, asking for help","Gatvėje,  prašant pagalbos","gatvėje, prašant pagalbos"
443,"Hello, Mrs  Becker. How are you?",Sveiki  p. Becker. Kaip laikotės?,sveiki p. becker. kaip laikas?
444,Fine.  Thanks.,Ahiū.  Gerai.,ahiū. gerai.
445,How are  you?,O  kaip Jūs?,O kaip jūs?
446,Not so  well.,Taip sau.,Taip sau.
447,Oh  dear. What is  the matter then?,"O brangioji, kas  yra?",Kas yra kas ya?
448,My credit card is  gone.,Mano  kreditinė kortelė dingo.,Mano kredinė kortelė dingo.
449,I can't find it  anywhere.,Aš  niekur negaliu jos rasti.,niekur negaliu jos rasti.
450,When did you last  have it?,Kada  paskutinį kartą ją turėjote?,kada paskutinį kartoną turijote?
451,Only  yesterday.,Dar vakar.,Dar Vakar.
452,I paid for  something with the card.,Aš mokkjau už  kažką kortele.,aš esu mokkjau už kažką kortele.
453,Go to the bank  straight away.,Eikite tuoj pat  į banką.,eikite savoj į banką.
454,Do come with me  please.,"Eikime kartu,  prašau.","eikime karto, prašau."
455,I have a bad  headache.,Man labai skauda  galvą.,vyras labu skai auda galvą.
456,Of course I'll  come with you.,"Žinoma, gerai.","žiogas, gerai."
457,We'll go to a  cafe and have a cup of coffee.,Mes užeisime į  kavinę ir išgersime puoduką kavos.,mes užeime į kavinę ir išgersime puoduką į savo kūną.
458,I have some  aspirin tablets and in the cafe we can get some water.,"Aš turiu  aspirino tabletę, o kavinėje gausime vandens.","aš turiu aspirino tabletę, o kavalieje gausime vandens."
459,Plans  for the Evening,Planai  vakarui,Planai vakarui
460,What shall we do  this evening?,Ką  mes darysime šį vakarą?,ką mes darysime <unk> vakarą?
461,Do we want to go  to the cinema or to the theatre?,Gal eisime į  kiną ar teatrą?,gal eisime į kiną ar teatrą?
462,I'm sure we'll  still get tickets.,Galėtumėm dar  gauti bilietus.,"gali būti, kad dar gauti bilietus."
463,But we could also  go dancing.,Galėtumėm  ir pašokti nueiti.,Miegas ir užpakalis nueiti.
464,"I like  anything,  ballet or theatre.","Aš  mėgstu viską, ir baletą ir teatrą.","aš esu jaunas, ir aš esu jaunas."
465,"I also like going  to the cinema; you choose,what to do.","Aš  mėgstu ir kiną; sugalvok, ką mes darysime.","aš esu megstu ir kiną; sugalvok, ką mes darysime."
466,I just want to  have a night out.,Aš  tiesiog norėčiau kur nors išeiti.,aš esu tastiesog norėčiau kur neis išeiti.
467,Peter remembers  how hard up he is.,"Piteris  prisimena, kaip sunku prie kasos.","piteris prisimena, kaip sunku prie kasos."
468,But he can't  suggest watching television.,Bet  jis negali pasiūlyti televizijos.,bet jis negali pasigailėti televizijos.
469,They borrow the  newspaper from the man sitting at the table next to them and look for the theatre programme.,Jie pasiskolina  laikraštį iš vyriškio prie gretimo staliuko ir žiūri teatrų programą.,Jie pasiskolina laikrodžius iš naujo iš naujo perskaityti ir žiuri teatrų programą.
470,"They find nothing  suitable, and decide to go to a restaurant.",Jie  neranda nieko tinkamo ir nusprendžia nueiti į restoraną.,Jie neranda niekieno tinkamo ir nusprendzia nueiti į restoraną.
471,I'll take you of course.,"Žinoma, aš jus  kviečiu.","<unk> , aš jus kviečiu."
472,I know a good  restaurant. It's fairly small and not expensive.,Aš žinau gerą  restoraną. Jis nedidelis ir nebrangus.,Aš esu gera restoraną. jis nedidelis ir nebrangus.
473,"Service is good  and the food tastes excelent. That is the most important thing, don't you think?","Aptarnavimas  geras ir maistas puikus. O tai svarbiausia, ar ne?",ar ne? :::::) :::: ::: ::: :: :: :: :: :: :: : : : : : : : : : : : : : : : : : : : : : : : :
474,"Yes, thank you.","Taip, ačiū.","aipa, ačiū."
475,"I can wear the  shirt that I bought a minute ago, and the tie, which you gave me as present.","Ap galiu  apsivilkti marškinius, kuriuos tik ką nusipirkau ir kaklaraištį, kurį tu man  padovanojai.","ap galiu galiu apsivilkti marškinius, curiuos tik ką nusipirkau ir kaklaraiščius, kurį tu vyras padovanojai."
476,We schould go now.,Mes turėtumėm  jau eiti.,mes turistinis namas jau eiti.
477,The shops close  at 6 and I still want to buy something.,"Parduotuvės  užsidaro 6-tą, o aš dar noriu ką nors nusipirkti.",<unk> <unk> <unk> <unk> <unk> <unk> <unk> <unk> <unk> <unk> <unk> <unk> <unk> <unk> <unk> <unk> <unk> <unk> <unk> <unk> <unk> <unk> <unk> <unk> <unk> <unk> <unk> <unk> <unk> <unk> <unk> <unk> <unk> <unk> <unk> <unk> <unk> <unk> <unk> <unk> <unk> <unk> <unk> <unk> <unk> <unk> <unk>
478,"Waiter, bill please!","Padavėjau, prašom sąskaitą.","Padavėjai, prašminiai sąskaitai."
479,"A little jug of  coffee, one lemon tea and 2 pieces of cake; that comes to 9 marks 70.","Mažas kavinukas  kavos, arbata su citrina ir 2 gabaliukai pyrago; už visa tai 9 markės 70.","Mažo dydžio kavinukas kava, arbata su citrina ir 2 gabaliukai pirago; už visa tai 9 markės 70."
480,Here's your bill.,Štai Jūsų  sąskaita.,<unk> <unk> <unk> <unk> <unk> <unk> <unk> <unk> <unk> <unk> <unk> <unk> <unk> <unk> <unk> <unk> <unk> <unk> <unk> <unk> <unk> <unk> <unk> <unk> <unk> <unk> <unk>
481,Should I give a tip?,Ar aš turiu  duoti arbatpinigių?,ar aš turiu duotų arbatpinigių?
482,"Only 30 Pfennigs,  if you want to.","Tiktai 30  pfenigių, jeigu nori.","Tiktai 30 pfenigių, jeigu nori."
483,"In Germany,  service is always included.",Vokietijoje  aptarnavimas visada įjungtas.,vokietijoje aptarnavimas visada įjungtas.
484,To  clarify a confusion (wrong address),Išaiškinti  nesusipratimą (blogas adresas),Ištvirkęs neišankstinis (blogas adresas)
485,"Good  morning, are you from the express-courier service?",Labas  rytas. Ar Jūs iš ekspreso kurjerių tarnybos?,labas rytas. ar jūs iš tikrųjų yra kurjerių tarnybos?
486,"Yes,  that's right.",Taip.,Taip.
487,We  have been expecting you.,Mes  laukėme Jūsų.,mes laukume jūsų.
488,Come in.,Prašom  įeiti.,Prašm įeiti.
489,Thanks.  Did you wait long?,Ačiū.  Ar Jūs laukėte ilgai?,Ar jūs esate čia: Pradžia <unk> Naujienos <unk> <unk>
490,It's  all right. Where are the parcels?,Nieko.  Kur paketas?,nieko. kur paketas?
491,Have  you got them?,Ar  Jūs turite jį?,ar jus turit ji?
492,"Of  course. Here you are, both in the name of Schmidt.","Žinoma.  Štai, abu Šmidto vardu.",<unk> . <unk> . <unk> . <unk> . <unk> . <unk> .
493,"Schmidt?  My name is Schulz, Elvira Schulz.","Šmidto?  Mano vardas Šulz, Elvyra Šulz.","mano vardas šulz, elvyra šulz."
494,"There  must be something wrong. Here it says: Schmidt, Bahnhof Street 12, third floor.","Tai  kažkas negerai. Bet čia parašyta: Šmidt, Bahnhof Street 12, trečias aukštas.","tai kažkas negerai. bet čia parašita: šmidt, bahnhof street 12, trečias aukštas."
495,"Yes,  the address is correct, but we are on the fourth floor. The Schmidts are living on the 3rd floor.","Taip  adresas teisingas, bet mes esame ketvirtame aukšte. Šmidtai gyvena trečiajame.","symbol symbols, symbols, symbols, symbols, symbols, symbols, symbols, symbols, symbols, symbols, symbols, symbols, symbols, symbols, symbols"
496,"Oh,  I'm sorry.","O,  atsiprašau.","o, atsiprašau."
497,Goodbye.,Viso  gero.,Viso gero.
498,What on earth did they order? Also with express-courier!,Kas  gi po galais čia dedasi? Ir dar ekspreso kurjeriai!,kas gi po galais cia dedasi? ir dar ekspreso kurjeriai!
499,Airplane disaster in Vilnius - what is known about the event?,Lėktuvo katastrofa Vilniuje – kas žinoma apie įvykį?,lynktuvo katastrofa vilniuje – kas yra tikslima apie įvyki?
500,"On Monday morning a plane crash occurred in the capital - in Liepkalnis, near Vilnius Airport, a cargo aircraft ""Boeing 737"" crashed.","Pirmadienio rytą sostinėje įvyko lėktuvo katastrofa – Liepkalnyje, netoli Vilniaus oro uosto, nukrito krovininis orlaivis „Boeing 737“.","pirmadienioryrytą sostinėje įvykyje lynktuvo katastrofa – lietkalnyje, netoli Vilniaus oro uosto, nukritęs krovininis orlaivis<unk> boeing 737“."
501,"One person was killed in the incident, three were injured, one of them is a Lithuanian.","Per įvykį vienas žmogus žuvo, trys sužeisti, vienas iš jų yra lietuvis.","per įvyką vienas žmogus žuvo, trips sužeisti, viena iš jos yr lietuvis."
502,On Monday at 5.28 am received information that a cargo plane crashed in Liepkalnis near the house.,"Pirmadienį 5.28 val. ryto gauta informacija, kad krovininis lėktuvas nukrito Liepkalnyje šalia namo.","pirmadienį 5.28 val. ryto gautoje informacija, kad krovininis lėktuvas nukritime liepkalnyje šonia nam."
503,"Commercial aircraft flew to Vilnius from Leipzig, Germany.","Krovininis lėktuvas į Vilnių skrido iš Leipcigo, Vokietijos.","krovininis lėktuvas į vilniečių skrido iš leipcigo, vokietijos."
504,"Before the flight to Vilnius, the plane stood unused for two days, November 23-24, at Leipzig Airport.","Prieš skrydį į Vilnių lėktuvas dvi dienas, lapkričio 23–24 d., Leipcigo oro uoste stovėjo nenaudojamas, nors įprastai orlaiviu buvo skraidoma kasdien.","prieš skrydį į vilnių lėktuvas dvi diena, lapkričio 23<unk> 24 d., leipcigo oro nuostos stovėjo nenaudojamas, nei įprastus įkrovimus arba buivo skraidoma kasdien."
505,"Airplane crashed in Liepkalnis, at the intersection of Žirniai and Liepkalnis streets.","Lėktuvas nukrito Liepkalnyje, ties Žirnių ir Liepkalnio gatvėmis.","lynktuvas nukritęs liepkalnyje, tiesiomis žirnių ir liepkalnio gatvėmis."
506,"Company DHL's commissioned flights were performed by an aircraft belonging to Spanish airlines ""Swiftair"".","Bendrovės DHL užsakomuosius skrydžius vykdė lėktuvas, priklausęs Ispanijos oro linijoms „Swiftair“.","bendrovės dhl užsakovas skrydžius vykdė lėktuvas, prikalbas ispanijos oro linijos<unk> swiftair“."
507,"In the internet, when the pilot's and flight commander's voice recording appeared, it was noticed that the conversation was completely routine, no signs of panic were recorded.","Internete pasirodžius pilotų ir skrydžio vadovo garso įrašui, pastebėta, kad pokalbis buvo visiškai rutininis, nefiksuota jokių nerimo ženklų.","interneto naršyklei pilotų ir skrydžio vadovo aparatui, pastabėtai, kad pokalbiui buvo visiškai rutininis, nefiksuotai jokių nervų ženelių."
508,DHL informed that due to the plane crash an investigation has been started.,"DHL informavo, kad dėl lėktuvo katastrofos pradėtas tyrimas.","dhl informavo, kad lėl lėkštuvo katastrofos pradėtas tyrimas."
509,An incident occurred in the place where it was seen that the aircraft's landing gear touched down more than 100 meters away.,"Incidento vietoje buvo matyti, kad orlaivio nuolaužos pažiro net 100 m atstumu.","incidento vietoje buvo matyti, kad oralaikio nuolaužos net 100 m atstumu."
510,Medical staff arrived on the scene within six minutes.,Medikai į įvykio vietą atvyko per 6 minutes.,medikai į įvykią vieto atvyko per 6 minutes.
511,The head of the Vilnius Emergency Medical Assistance Brigade Service Igoris Lukaševas told LRT Radio that the most serious conditions among the wounded crew members are a 54 and 40-year-old people.,"Vilniaus greitosios medicinos pagalbos Išvažiuojamųjų brigadų tarnybos vadovas Igoris Lukaševas LRT RADIJUI teigė, kad iš sužeistų įgulos narių sunkiausia būklė – 54 ir 40 metų asmenų.","Vilniaus sveikatos priežiūros paslaugų paslaugų teikimo paslaugų teikimo paslaugų teikimo paslaugų teikimo paslaugų teikimo paslaugų teikimo paslaugų teikimo paslaugų teikimo igoris lukaševas lrt radijui teigė, kad iš sužeistų paslaugų teikėjų paslaugų teikimo paslaugų teikimo paslaugų teikimo paslaugų teikimo paslaugų teikimo paslaugų teikimo paslaugų teikimo paslaugų teikimo paslaugų teikimo ir teikimo paslaugų teikimo paslaugų teikimo paslaugų teikimo ir teikimo paslaugų teikimo paslaugų teikimo ir teikimo paslaugų teikimo paslaugų teikimo ir teikimo paslaugų teikimo ir teikimo paslaugų teikimo."
512,"One of them was at least for a time conscious, spoke English.","Vienas jų bent kurį laiką buvo sąmoningas, kalbėjo angliškai.",vienas j<unk> sulenkt kur<unk> kur<unk> <unk> i<unk> <unk> i<unk> <unk> i<unk> <unk> i<unk> r<unk> t<unk> <unk> i<unk> <unk> i<unk> r<unk> .
513,"During flight, they were in the pilot's cabin.",Skrydžio metu jie buvo piloto kabinoje.,skrydžio meto jie buvo bandomojo kabinete.
514,"Survived a 34-year-old crew member of Lithuanian nationality at the time of misfortune was in the aircraft cabin, his injuries were lighter.","Išgyvenęs 34 metų amžiaus įgulos narys lietuvis nelaimės metu buvo orlaivio salone, jo sužalojimai lengvesni.","išgyvenęs 34 metų amžiaus įgulų narys lietus nelaimių gyvenimo arlaivio salone, jo sužaliavimas lengvesni."
515,"The Mayor of Vilnius Valdas Benkunskas informed that a state of local extreme emergency would be declared in the disaster area, which would help to take care of residents, manage the territory and provide assistance.","Vilniaus meras Valdas Benkunskas informavo, kad katastrofos teritorijoje bus paskelbta lokali ekstremalioji situacija, tai padės pasirūpinti gyventojais, teritorijos tvarkymu, pagalbos teikimu.","Vilniaus mero administracija informuoja, kad kastrofos teritorijoje bus paskelbta lokali eksportemalioji situacija, tai yra padėčių paspaudimo paslauga, teritorijos tvarsčiu, pagalba tikimybe."
516,"According to the mayor, the health of people affected by air and water pollution is not a problem.","Pasak mero, pavojaus žmonių sveikatai dėl oro, vandens užterštumo nėra.","pasak mero, pavežaus žmonų sveikatos oro, vandens užteršimo nera."
517,Police department together with the General Prosecutor's Office started an investigation into the circumstances of the incident to clarify them.,Policijos departamentas kartu su Generaline prokuratūra pradėjo ikiteisminį tyrimą įvykio aplinkybėms išsiaiškinti.,poliso departamentas kartu su generaline prokuratūra pradejo ikiteisminį tyrimą įvykiį aplinkybėms išsiaiškinti.
518,We are investigating all possible causes of the accident.,Tiriamos visos galimos avarijos priežastys.,Tiriamosios priemonės gali būti naudojamos prieš gabenimą.
519,"The version of terrorism was not excluded, as on June 19, packages were sent from Lithuania via DHL Lietuva that exploded themselves and caused fires in logistics centers in Leipzig and Birmingham.","Terorizmo versija neatmetama, nes liepos 19 d. iš Lietuvos per „DHL Lietuva“ buvo išsiųsti savaime užsidegantys siuntiniai, jie sukėlė gaisrus logistikos centruose Leipcige ir Birmingame.","terorizmo versija tvarkinga, nes lietos 19 d. iš lietuvos per<unk> dhl lietuva“ buvo išsiūsti savižudžiai siuntiniai, jie sukėlė gaudys žurnalistikos centruose leipcige ir birmingame."
520,"Only by chance, a cargo in Leipzig was not loaded into the aircraft.",Tik per atsitiktinumą krovinys Leipcige tuomet nebuvo pakrautas į orlaivį.,Tik per atsisveikinimą krovinys leipcige nebuvo pakrovėjas į orlaivį.
521,There was no indication that the DHL cargo plane crash in Lithuania could be linked to a warning issued by German authorities over the summer about packages carried on planes with explosive devices.,"Visgi pirmadienį popiet Vokietijos vidaus reikalų ministerijos atstovas, kurį citavo „Reuters“, teigė, kad nėra jokių požymių, kad DHL krovininio lėktuvo katastrofa Lietuvoje gali būti susijusi su Vokietijos valdžios institucijų vasarą paskelbtu įspėjimu apie lėktuvais skraidintus paketus su padegamaisiais įtaisais.","visgi pirmadienį popiet vokietijos vidaus reikalų ministrai atstovas, kurį citavo<unk> reuters“, teigė, kad nerą jokių požymių, kad dhl krovinio lėkštu katsituotuoju tėvu tėvu su vokietijos valdybų institucija"
522,The lecturer of the Antanas Gustaitis Aviation Institute at Vilnius Gediminas Technical University (VILNIUS TECH) Vincas Šnirpūnas told LRT.lt that there may be more than one reason for such events.,"Vilniaus Gedimino technikos universiteto (VILNIUS TECH) Antano Gustaičio aviacijos instituto lektorius Vincas Šnirpūnas LRT.lt teigė, kad tokių įvykių priežasčių gali būti ne viena.","Vilniaus Gedimino technikos universiteto (vilnius tech) antano gustaičio aviacijos instituto lekt.lt vincas šnirpūnas lrt.lt, kad tokių firmų priežiūra."
523,"However, as he says, in any case it is usually related to human error.","Anot jo, vis dėlto dažniausiai tai susiję su žmogiška klaida.",s. s. s. s. s. su s. s. su s. s. su s. s. su s. s. su s. s. su s. s.
